seq_id,variant,host,sequence
MN996532,Bat Virus,Bat,NITNLCPFGEVFNATTFASVYAWNRKRISNCVADYSVLYNSTSFSTFKCYGVSPTKLNDLCFTNVYADSFVITGDEVRQIAPGQTGKIADYNYKLPDDFTGCVIAWNSKHIDAKEGGNFNYLYRLFRKANLKPFERDISTEIYQAGSKPCNGQTGLNCYYPLYRYGFYPTDGVGHQPYRVVVLSFELLNAPATVCGPKKST
MG772934,Bat Virus,Bat,NITNVCPFHKVFNATRFPSVYAWERTKISDCIADYTVFYNSTSFSTFKCYGVSPSKLIDLCFTSVYADTFLIRFSEVRQVAPGQTGVIADYNYKLPDDFTGCVIAWNTAKQDTGHYFYRSHRSTKLKPFERDLSSDENGVRTLSTYDFNPNVPLEYQATRVVVLSFELLNAPATVCGPKLST
MG772933,Bat Virus,Bat,NITNVCPFHKVFNATRFPSVYAWERTKISDCIADYTVFYNSTSFSTFKCYGVSPSKLIDLCFTSVYADTFLIRFSEVRQVAPGQTGVIADYNYKLPDDFTGCVIAWNTAKQDVGNYFYRSHRSTKLKPFERDLSSDENGVRTLSTYDFNPNVPLEYQATRVVVLSFELLNAPATVCGPKLST
KT444582,Bat Virus,Bat,NITNLCPFGEVFNATTFPSVYAWERKRISNCVADYSVLYNSTSFSTFKCYGVSATKLNDLCFSNVYADSFVVKGDDVRQIAPGQTGVIADYNYKLPDDFTGCVLAWNTRNIDATQTGNYNYKYRSLRHGKLRPFERDISNVPFSPDGKPCTPPAFNCYWPLNDYGFYITNGIGYQPYRVVVLSFELLNAPATVCGPKLST
KY417146,Bat Virus,Bat,NITNLCPFGEVFNATTFPSVYAWERKRISNCVADYSVLYNSTSFSTFKCYGVSATKLNDLCFSNVYADSFVVKGDDVRQIAPGQTGVIADYNYKLPDDFLGCVLAWNTNSKDSSTSGNYNYLYRWVRRSKLNPYERDLSNDIYSPGGQSCSAIGPNCYNPLRPYGFFTTAGVGHQPYRVVVLSFELLNAPATVCGPKLST
KF367457,Bat Virus,Bat,NITNLCPFGEVFNATTFPSVYAWERKRISNCVADYSVLYNSTSFSTFKCYGVSATKLNDLCFSNVYADSFVVKGDDVRQIAPGQTGVIADYNYKLPDDFTGCVLAWNTRNIDATQTGNYNYKYRSLRHGKLRPFERDISNVPFSPDGKPCTPPAFNCYWPLNDYGFYITNGIGYQPYRVVVLSFELLNAPATVCGPKLST
KY417151,Bat Virus,Bat,NITNLCPFGEVFNATTFPSVYAWERKRISNCVADYSVLYNSTSFSTFKCYGVSATKLNDLCFSNVYADSFVVKGDDVRQIAPGQTGVIADYNYKLPDDFMGCVLAWNTRNIDATSTGNYNYKYRSLRHGKLRPFERDISNVPFSPDGKPCTPPAFNCYWPLNDYGFFTTNGIGYQPYRVVVLSFELLNAPATVCGPKLST
KY417144,Bat Virus,Bat,NITNLCPFGEVFNATTFPSVYAWERKRISNCVADYSILYNSTSFSTFKCYGVSATKLNDLCFSNVYADSFVVKGDDVRQIAPGQTGVIADYNYKLPDDFLGCVLAWNTNSKDSSTSGNYNYLYRWVRRSKLNPYERDLSNDIYSPGGQSCSAVGPNCYNPLRPYGFFTTAGVGHQPYRVVVLSFELLNAPATVCGPKLST
KC881005,Bat Virus,Bat,NITNLCPFGEVFNATTFPSVYAWERKRISNCVADYSVLYNSTSFSTFKCYGVSATKLNDLCFSNVYADSFVVKGDDVRQIAPGQTGVIADYNYKLPDDFLGCVLAWNTNSKDSSTSGNYNYLYRWVRRSKLNPYERDLSNDIYSPGGQSCSAVGPNCYNPLRPYGFFTTAGVGHQPYRVVVLSFELLNAPATVCGPKLST
KF569996,Bat Virus,Bat,NITNLCPFGEVFNATTFPSVYAWERKRISNCVADYSVLYNSTSFSTFKCYGVSAIKLNDLCFSNVYADSFVVKGDDVRQIAPGQTGVIADYNYKLPDDFMGCVLAWNTRNIDATSSGNFNYKYRSLRHGKLRPFERDISNVPFSPDGKPCTPPAFNCYWPLNDYGFYTTNGIGYQPYRVVVLSFELLNAPATVCGPKLST
KY417142,Bat Virus,Bat,NITNRCPFDKVFNATRFPSVYAWERTKISDCVADYTVLYNSTSFSTFKCYGVSPSKLIDLCFTSVYADTFLIRSSEVRQVAPGETGVIADYNYKLPDDFTGCVIAWNTAQQDKGQYYYRSSRKTKLKPFERDLSSDENGVRTLSTYDFYPTVPIEYQATRVVVLSFELLNAPATVCGPKLST
KY417147,Bat Virus,Bat,NITNRCPFDKVFNASRFPNVYAWERTKISDCVADYTVLYNSTSFSTFKCYGVSPSKLIDLCFTSVYADTFLIRSSEVRQVAPGETGVIADYNYKLPDDFTGCVIAWNTAKQDQGQYYYRSSRKTKLKPFERDLSSDENGVRTLSTYDFYPTVPIEYQATRVVVLSFELLNAPATVCGPKLST
KY417148,Bat Virus,Bat,NITNRCPFDKVFNASRFPNVYAWERTKISDCVADYTVLYNSTSFSTFKCYGVSPSKLIDLCFTSVYADTFLIRSSEVRQVAPGETGVIADYNYKLPDDFTGCVIAWNTAKQDTGHYYYRSHRKTKLKPFERDLSSDDGNGVYTLSTYDFNPNVPVAYQATRVVVLSFELLNAPATVCGPKLST
KY417143,Bat Virus,Bat,NITNRCPFDKVFNASRFPNVYAWERTKISDCVADYTVLYNSTSFSTFKCYGVSPSKLIDLCFTSVYADTFLIRSSEVRQVAPGETGVIADYNYKLPDDFTGCVIAWNTAKQDQGQYYYRSSRKTKLKPFERDLTSDENGVRTLSTYDFYPNVPIEYQATRVVVLSFELLNAPATVCGPKLST
DQ648857,Bat Virus,Bat,NITNRCPFDKVFNASRFPNVYAWERTKISDCVADYTVLYNSTSFSTFKCYGVSPSKLIDLCFTSVYADTFLIRSSEVRQVAPGETGVIADYNYKLPDDFTGCVIAWNTAQQDQGQYYYRSYRKEKLKPFERDLSSDENGVYTLSTYDFYPSIPVEYQATRVVVLSFELLNAPATVCGPKLST
DQ071615,Bat Virus,Bat,NITNRCPFDKVFNATRFPNVYAWERTKISDCVADYTVLYNSTSFSTFKCYGVSPSKLIDLCFTSVYADTFLIRSSEVRQVAPGETGVIADYNYKLPDDFTGCVIAWNTAKQDQGQYYYRSHRKTKLKPFERDLSSDENGVRTLSTYDFYPSVPVAYQATRVVVLSFELLNAPATVCGPKLST
GQ153543,Bat Virus,Bat,NITNRCPFDRVFNASRFPSVYAWERTKISECVADYTVLYNSTSFSTFKCYGVSPSKLIDLCFTSVYADTFLIRSSEVRQVAPGETGVIADYNYKLPDDFTGCVIAWNTAKQDTGNYYYRSHRKTKLKPFERDLSSDDGNGVYTLSTYDFNPNVPVAYQATRVVVLSFELLNAPATVCGPKLST
GQ153548,Bat Virus,Bat,NITNRCPFDKVFNATRFPNVYAWERTKISDCVADYTVLYNSTSFSTFKCYGVSPSKLIDLCFTSVYADTFLIRSSEVRQVAPGETGVIADYNYKLPDDFTGCVIAWNTAKHDTGNYYYRSHRKTKLKPFERDLSSDDGNGVYTLSTYDFNPNVPVAYQATRVVVLSFELLNAPATVCGPKLST
DQ022305,Bat Virus,Bat,NITNRCPFDKVFNATRFPNVYAWERTKISDCVADYTVLYNSTSFSTFKCYGVSPSKLIDLCFTSVYADTFLIRSSEVRQVAPGETGVIADYNYKLPDDFTGCVIAWNTAKHDTGNYYYRSHRKTKLKPFERDLSSDDGNGVYTLSTYDFNPNVPVAYQATRVVVLSFELLNAPATVCGPKLST
KF294457,Bat Virus,Bat,NITNRCPFDKVFNVTRFPNVYAWERTKISDCVADYTVLYNSTSFSTFKCYGVSPSKLIDLCFTSVYADTFLIRSSEVRQVAPGETGVIADYNYKLPDDFTGCVIAWNTAKQDIGNYYYRSHRKTKLKPFERDLSSDDGNGVYTLSTYDFNPNVPVAYQATRVVVLSFELLNAPATVCGPKLST
KJ473815,Bat Virus,Bat,NITNRCPFDKVFNATRFPNVYAWERTKISDCVADYTVLYNSTSFSTFKCYGVSPSKLIDLCFTSVYADTFLIRSSEVRQVAPGETGVIADYNYKLPDDFTGCVIAWNTAKQDTGNYYYRSHRKTKLKPFERDLSSDDGNGVYTLSTYDFNPNVPVAYQATRVVVLSFELLNAPATVCGPKLST
JX993988,Bat Virus,Bat,NITNRCPFDRVFNASRFPSVYAWERTKISDCVADYTVLYNSTSFSTFKCYGVSPSKLIDLCFTSVYADTFLIRFSEVRQIAPGETGVIADYNYKLPDEFTGCVIAWNTANQDRGQYYYRSSRKTKLKPFERDLSSDENGVRTLSTYDFYPSVPLEYQATRVVVLSFELLNAPATVCGPKLST
JX993987,Bat Virus,Bat,NITNRCPFDKVFNATRFPSVYAWERTKISDCVADYTVLYNSTSFSTFKCYGVSPSKLIDLCFTSVYADTFLIRSSEVRQVAPGETGVIADYNYKLPDDFTGCVIAWNTANQDQGQYYYRSSRKEKLKPFERDLSSDENGVYTLSTYDFYPSVPLDYQATRVVVLSFELLNAPATVCGPKLST
KJ473814,Bat Virus,Bat,NITNRCPFDRVFNASRFPSVYAWERTKISDCVADYTVLYNSTSFSTFKCYGVSPSKLIDLCFTSVYADTFLIRSSEVRQVAPGETGVIADYNYKLPDDFTGCVIAWNTAKQDTGYYYYRSHRKTKLKPFERDLSSDDGNGVYTLSTYDFNPNVPVAYQATRVVVLSFELLNAPATVCGPKLST
KJ473816,Bat Virus,Bat,NITNRCPFDSIFNASRFPSVYAWERTKISDCVADYTVLYNSTLFSTFKCYGVSPSKLIDLCFTSVYADTFLIRFSEVRQVAPGETGVIADYNYRLPDDFTGCVIAWNTANQDVGSYFYRSHRSTKLKPFERDLSSDENGVRTLSTYDFNPNVPLDYQATRVVVLSFELLNAPATVCGPKLST
KJ473811,Bat Virus,Bat,NITNVCPFDKVFNATRFPSVYAWERTKISDCVADYTVFYNSTSFSTFNCYGVSPSKLIDLCFTSVYADTFLIRFSEVRQVAPGQTGVIADYNYKLPDDFIGCVIAWNTAKQDVGSYFYRSHRSSKLKPFERDLSSEENGVLTLSTYDFNQNVPLEYQATRVVVLSFELLNAPATVCGPKLST
DQ412042,Bat Virus,Bat,NITNLCPFDKVFNATRFPSVYAWERTKISDCVADYTVFYNSTSFSTFNCYGVSPSKLIDLCFTSVYADTFLIRFSEVRQVAPGQTGVIADYNYKLPDDFTGCVIAWNTAKQDVGSYFYRSHRSSKLKPFERDLSSEENGVRTLSTYDFNQNVPLEYQATRVVVLSFELLNAPATVCGPKLST
DQ648856,Bat Virus,Bat,NITNLCPFDKVFNATRFPSVYAWERTKISDCVADYTVFYNSTSFSTFNCYGVSPSKLIDLCFTSVYADTFLIRFSEVRQVAPGQTGVIADYNYKLPDDFTGCVIAWNTAKQDVGSYFYRSHRSSKLKPFERDLSSVEENGRTLSTYDFNQNVPLEYQATRVVVLSFELLNAPATVCGPKLST
KJ473812,Bat Virus,Bat,NITNLCPFDKVFNATRFPSVYAWERTKISDCVADYTVFYNSTSFSTFNCYGVSPSKLIDLCFTSVYADTFLIRFSEVRQVAPGQTGVIADYNYKLPDDFTGCVIAWNTAKQDVGSYFYRSHRSSKLKPFERDLSSEENGVRTLSTYDFNQYVPLEYQATRVVVLSFELLNAPATVCGPKLST
KY417145,Bat Virus,Bat,NITNLCPFDAVFNATRFPSVYAWERVKISNCVADYTAFYNSTSFSTFKCYGVSPSKLIDLCFTSVYADTFLIRFSEVRQVAPGETGVIADYNYKLPDDFTGCVIAWNTAKQDVGSYFYRSHRSSKLKPFERDLSSDENGVRTLSTYDFNPNVPLDYQATRVVVLSFELLNAPATVCGPKLST
EPI_ISL_412977,Bat Virus,Bat,NITNFCPFDKVFNATRFPNVYAWQRTKISDCIADYTVLYNSTSFSTFKCYGVSPSKLIDLCFTSVYADTFLIRFSEVRQIAPGETGVIADYNYKLPDDFTGCVLAWNTAQQDIGSYFYRSHRAVKLKPFERDLSSDENGVRTLSTYDFNPNVPLDYQATRVVVLSFELLNAPATVCGPKLST
NC014470,Bat Virus,Bat,NITQLCPFNEVFNITSFPSVYAWERMRITNCVADYSVLYNSSASFSTFQCYGVSPTKLNDLCFSSVYADYFVVKGDDVRQIAPAQTGVIADYNYKLPDDFTGCVIAWNTNSLDSSNEFFYRRFRHGKIKPYGRDLSNVLFNPSGGTCSAEGLNCYKPLASYGFTQSSGIGFQPYRVVVLSFELLNAPATVCGPKQST
KY352407,Bat Virus,Bat,NITNLCPFGQVFNASNFPSVYAWERLRISDCVADYAVLYNSSSSFSTFKCYGVSPTKLNDLCFSSVYADYFVVKGDDVRQIAPAQTGVIADYNYKLPDDFTGCVLAWNTNSVDSKSGNNFYYRLFRHGKIKPYERDISNVLYNSAGGTCSSISQLGCYEPLKSYGFTPTVGVGYQPYRVVVLSFELLNAPATVCGPKKST
AY304486,Sars-Cov-1,Civet,NITNLCPFGEVFNATKFPSVYAWERKRISNCVADYSVLYNSTSFSTFKCYGVSATKLNDLCFSNVYADSFVVKGDDVRQIAPGQTGVIADYNYKLPDDFMGCVLAWNTRNIDATSTGNYNYKYRYLRHGKLRPFERDISNVPFSPDGKPCTPPALNCYWPLKDYGFYTTSGIGYQPYRVVVLSFELLNAPATVCGPKLST
AY304487,Sars-Cov-1,Civet,NITNLCPFGEVFNATKFPSVYAWERKRISNCVADYSVLYNSTSFSTFKCYGVSATKLNDLCFSNVYADSFVVKGDDVRQIAPGQTGVIADYNYKLPDDFMGCVLAWNTRNIDATSTGNYNYKYRYLRHGKLRPFERDISNVPFSPDGKPCTPPALNCYWPLKDYGFYTTSGIGYQPYRVVVLSFELLNAPATVCGPKLST
AY304489,Sars-Cov-1,Civet,NITNLCPFGEVFNATKFPSVYAWERKRISNCVADYSVLYNSTSFSTFKCYGVSATKLNDLCFSNVYADSFVVKGDDVRQIAPGQTGVIADYNYKLPDDFMGCVLAWNTRNIDATSTGNYNYKYRYLRHGKLRPFERDISNVPFSPDGKPCTPPALNCYWPLKDYGFYTTSGIGYQPYRVVVLSFELLNAPATVCGPKLST
AY613951,Sars-Cov-1,Civet,NITNLCPFGEVFNATKFPSVYAWERKRISNCVADYSVLYNSTSFSTFKCYGVSATKLNDLCFSNVYADSFVVKGDDVRQIAPGQTGVIADYNYKLPDDFMGCVLAWNTRNIDATSTGNYNYKYRYLRHGKLRPFERDISNVPFSPDGKPCTPPAPNCYWPLRGYGFYTTSGIGYQPYRVVVLSFELLNAPATVCGPKLST
AY613948,Sars-Cov-1,Civet,NITNLCPFGEVFNATKFPPVYAWERKRISNCVADYSVLYNSTSFSTFKCYGVSATKLNDLCFSNVYADSFVVKGDDVRQIAPGQTGVIADYNYKLPDDFMGCVLAWNTRNIDATSTGNYNYKYRYLRHGKLRPFERDISNVPFSSDGKPCTPPAPNCYWPLRGYGFYTTSGIGYQPYRVVVLSFELLNAPATVCGPKLST
AY627045,Sars-Cov-1,Civet,NITNLCPFGEVFNATKFPSVYAWERKRISNCVADYSVLYNSTSFSTFKCYGVSATKLNDLCFSNVYADSFVVKGDDVRQIAPGQTGVIADYNYKLPDDFMGCVLAWNTRNIDATSTGNYNYKYRYLRHGKLRPFERDISNVPFSPDGKPCTPPAPNCYWPLKGYGFYTTSGIGYQPYRVVVLSFELLNAPATVCGPKLST
MN908947,Sars-Cov-2,Human,NITNLCPFGEVFNATRFASVYAWNRKRISNCVADYSVLYNSASFSTFKCYGVSPTKLNDLCFTNVYADSFVIRGDEVRQIAPGQTGKIADYNYKLPDDFTGCVIAWNSNNLDSKVGGNYNYLYRLFRKSNLKPFERDISTEIYQAGSTPCNGVEGFNCYFPLQSYGFQPTNGVGYQPYRVVVLSFELLHAPATVCGPKKST
AY278741,Sars-Cov-1,Human,NITNLCPFGEVFNATKFPSVYAWERKKISNCVADYSVLYNSTFFSTFKCYGVSATKLNDLCFSNVYADSFVVKGDDVRQIAPGQTGVIADYNYKLPDDFMGCVLAWNTRNIDATSTGNYNYKYRYLRHGKLRPFERDISNVPFSPDGKPCTPPALNCYWPLNDYGFYTTTGIGYQPYRVVVLSFELLNAPATVCGPKLST
AY278489,Sars-Cov-1,Human,NITNLCPFGEVFNATKFPSVYAWERKRISNCVADYSVLYNSTFFSTFKCYGVSATKLNDLCFSNVYADSFVVKGDDVRQIAPGQTGVIADYNYKLPDDFMGCVLAWNTRNIDATSTGNYNYKYRYLRHGKLRPFERDISNVPFSPDGKPCTPPALNCYWPLNDYGFYTTTGIGYQPYRVVVLSYELLNAPATVCGPKLST
AY278487,Sars-Cov-1,Human,NITNLCPFGEVFNATKFPSVYAWERKKISNCVADYSVLYNSTFFSTFKCYGVSATKLNDLCFSNVYADSFVVKGDDVRQIAPGQTGVIADYNYKLPDDFMGCVLAWNTRNIDATSTGNYNYKYRYLRHGKLRPFERDISNVPFSPDGKPCTPPALNCYWPLNDYGFYTTTGIGYQPYRVVVLSFELLNAPATVCGPKLST
AY394979,Sars-Cov-1,Human,NITNLCPFGEVFNATKFPSVYAWERKKISNCVADYSVLYNSTFFSTFKCYGVSATKLNDLCFSNVYADSFVVKGDDVRQIAPGQTGVIADYNYKLPDDFMGCVLAWNTRNIDATSTGNHNYKYRYLRHGKLRPFERDISNVPFSPDGKPCTPPALNCYWPLNDYGFYTTTGIGYQPYRVVVLSFELLNAPATVCGPKLST
AY394981,Sars-Cov-1,Human,NITNLCPFGEVFNATKFPSVYAWERKRISNCVADYSVLYNSTFFSTFKCYGVSATKLNDLCFSNVYADSFVVKGDDVRQIAPGQTGVIADYNYKLPDDFMGCVLAWNTRNIDATSTGNYNYKYRYLRHGKLRPFERDISNVPFSPDGKPCTPPALNCYWPLNDYGFYTTTGIGYQPYRVVVLSFELLNAPATVCGPKLST
AY485277,Sars-Cov-1,Human,NITNLCPFGEVFNATKFPSVYAWERKKISNCVADYSVLYNSTFFSTFKCYGVSATKLNDLCFSNVYADSFVVKGDDVRQIAPGQTGVIADYNYKLPDDFMGCVLAWNTRNIDATSTGNYNYKYRSLRHGKLRPFERDISNVPFSPDGKPCTPPALNCYWPLNDYGFYTTTGIGYQPYRVVVLSFELLNAPATVCGPKLST
AY525636,Sars-Cov-1,Human,NITNLCPFGEVFNATKFPSVYAWERKRISNCVADYSVLYNSTSFSTFKCYGVSATKLNDLCFSNVYADSFVVKGDDVRQIAPGQTGVIADYNYKLPDDFMGCVLAWNTRNIDATSTGNYNYKYRYLRHGKLRPFERDISNVPFSPDGKPCTPPAPNCYWPLNGYGFYTTSGIGYQPYRVVVLSFELLNAPATVCGPKLST
AY559082,Sars-Cov-1,Human,NITNLCPFGEVFNATKFPSVYAWERKKISNCVADYFVLYNSTFFSTFKCYGVSATKLNDLCFSNVYADSFVVKGDDVRQIAPGQTGVIADYNYKLPDDFMGCVLAWNTRNIDATSTGNYNYKYRYLRHGKLRPFERDISNVPFSPDGKPCTPPALNCYWPLNDYGFYTTTGIGYQPYRVVVLSFELLNAPATVCGPKLST
AY613947,Sars-Cov-1,Human,NITNLCPFGEVFNATKFPSVYAWERKRISNCVADYSVLYNSTSFSTFKCYGVSATKLNDLCFSNVYADSFVVKGDDVRQIAPGQTGVIADYNYKLPDDFMGCVLAWNIRNIDATSTGNYNYKYRYLRHGKLRPFERDISNVPFSPDGKPCTPPAPNCYWPLNGYGFYTTSGIGYQPYRVVVLSFELLNAPATVCGPKLST
QRN78347.1 ,Sars-Cov-2,Human,NITNLCPFGEVFNATRFASVYAWNRKRISNCVADYSVLYNSASFSTFKCYGVSPTKLNDLCFTNVYADSFVIRGDEVRQIAPGQTGNIADYNYKLPDDFTGCVIAWNSNNLDSKVGGNYNYLYRLFRKSNLKPFERDISTEIYQAGSTPCNGVKGFNCYFPLQSYGFQPTYGVGYQPYRVVVLSFELLHAPATVCGPKKST
QWK65230.1,Sars-Cov-2,Human,NITNLCPFGEVFNATRFASVYAWNRKRISNCVADYSVLYNSASFSTFKCYGVSPTKLNDLCFTNVYADSFVIRGDEVRQIAPGQTGKIADYNYKLPDDFTGCVIAWNSNNLDSKVGGNYNYRYRLFRKSNLKPFERDISTEIYQAGSKPCNGVEGFNCYFPLQSYGFQPTNGVGYQPYRVVVLSFELLHAPATVCGPKKST
EPI_ISL_410544,Pangolin Virus,Pangolin,NITNLCPFGEVFNATTFASVYAWNRKRISNCVADYSVLYNSTSFSTFKCYGVSPTKLNDLCFTNVYADSFVVRGDEVRQIAPGQTGRIAXYNYKLPDDFTGCVIAWNSNNLDSKVGGNYNYLYRLFRKSNLKPFERDISTEIYQAGSTPCNGVEGFNCYFPLQSYGFHPTNGVGYQPYRVVVLSFELLXAPATVCGPKQST
EPI_ISL_410542,Pangolin Virus,Pangolin,NITNLCPFGEVFNASKFASVYAWNRKRISNCVADYSVLYNSTSFSTFKCYGVSPTKLNDLCFTNVYADSFVVKGDEVRQIAPGQTGVIADYNYKLPDDFTGCVIAWNSVKQDALTGGNYGYLYRLFRKSKLKPFERDISTEIYQAGSTPCNGQVGLNCYYPLERYGFHPTTGVNYQPFRVVVLSXELLNGPATVCGPKLST
ALA49363.1,MERS,Camel,AKPSGSVVEQAEGVECDFSPLLSGTPPQVYNFKRLVFTNCNYNLTKLLSLFSVNDFTCSQISPAAIASNCYSSLILDYFSYPLSMKSDLSVSSAGPISQFNYKQSFSNPTCLILATVPHNLTTITKPLKYSYINKCSRLLSDDRTEVPQLVNANQYSPCVSIVPSTVWEDGDYYRKQLSPLEGGGWLVASGSTVAMTEQLQMGFGITVQYGTDTNSVCP
ATG84833.1,MERS,Human,AKPSGSVVEQAEGVECDFSPLLSGTPPQVYNFKRLVFTNCNYNLTKLLSLFSVNDFTCSQISPAAIASNCYSSLILDYFSYPLSMKSDLSVSSAGPISQFNYKQSFSNPTCLILATVPHNLTTITKPLKYSYINKCSRLLSDDRTEVPQLVNANQYSPCVSIVPSTVWEDGDYYRKQLSPLEGGGWLVASGSTVAMTEQLQMGFGITVQYGTDTNSVCP
ALA49374.1,MERS,Camel,AKPSGSVVEQAEGVECDFSPLLSGTPPQVYNFKRLVFTNCNYNFTKLLSLFSVNDFTCSQISPAAIASNCYSSLILDYFSYPLSMKSDLSVSSAGPISQFNYKQSFSNPTCLILATVPHNLTTITKPLKYSYINKCSRLLSDDRTEVPQLVNANQYSPCVSIVPSTVWEDGDYYRKQLSPLEGGGWLVASGSTVAMTEQLQMGFGITVQYGTDTNSVCP
AHZ58501.1,MERS,Human,AKPSGSVVEQAEGVECDFSPLLSGTPPQVYNFKRLVFTNCNYNFTKLLSLFSVNDFTCSQISPAAIASNCYSSLILDYFSYPLSMKSDLSVSSAGPISQFNYKQSFSNPTCLILATVPHNLTTITKPLKYSYINKCSRLLSDDRTEVPQLVNANQYSPCVSIVPSTVWEDGDYYRKQLSPLEGGGWLVASGSTVAMTEQLQMGFGITVQYGTDTNSVCP
ALA49836.1,MERS,Camel,AKPSGSVVEQAEGVECDFSPLLSGTPPQVYNFKRLVFTNCNYNLTKLLSLFSVNDFTCSQISPAAIASNCYSSLILDYFSYPLSMKSDLSVSSAGPISQFNYKQSSSNPTCLILATVPHNLTTITKPLKYSYINKCSRLLSDDRTEVPQLVNANQYSPCVSIVPSTVWEDGDYYRKQLSPLEGGGWLVASGSTVAMTEQLQMGFGITVQYGTDTNSVCP
ANF29239.1,MERS,Human,AKPSGSVVEQAEGVECDFSPLLSGTPPQVYNFKRLVFTNCNYNLTKLLSLFSVNDFTCSQISPAAIASNCYSSLILDYFSYPLSMKSDLSVSSAGPISQFNYKQSSSNPTCLILATVPHNLTTITKPLKYSYINKCSRLLSDDRTEVPQLVNANQYSPCVSIVPSTVWEDGDYYRKQLSPLEGGGWLVASGSTVAMTEQLQMGFGITVQYGTDTNSVCP
AKO69634.1,MERS,Camel,AKPSGSVVEQAEGVECDFSPLLSGTPPQVYNFKRLVFTNCNYNLTKLLSLFSVNDFICSQISPAAIASNCYSSLILDYFSYPLSMKSDLSVSSAGPISQFNYKQSFSNPTCLILATVPHNLTTITKPLKYSYINKCSRLLSDDRTEVPQLVNANQYSPCVSIVPSTVWEDGDYYRKQLSPLEGGGWLVASGSTVAMTEQLQMGFGITVQYGTDTNSVCP 
ALJ54491.1,MERS,Human,AKPSGSVVEQAEGVECDFSPLLSGTPPQVYNFKRLVFTNCNYNLTXLLSLFSVNDFTCSQISPAAIASNCYSSLILDYFSYPLSMKSDLSVSSAGPISQFNYKQSFSNPTCLILATVPHNLTTITKPLKYSYINKCSRLLSDDRTEVPQLVNANQYSPCVSIVPSTVWEDGDYYRKQLSPLEGGGWLVASGSTVAMTEQLQMGFGITVQYGTDTNSVCP
ANC28634.1,MERS,Human,AKPSGSVVEQAEGVECDFSPLLSGTPPQVYNFKRLVFTNCNYNLTKLLSLFSVNDFTCSQISPAAIASNCYSSLILDYFSYPLSMKSDLSVSSAGPISQFNYKQSFSNPTCLILATVPHNLTTITKPLKYSYINKCSRLLSDDRTEVPQLVNANQYSPCVSTVPSTVWEDGDYYRKQLSPLEGGGWLVASGSTVAMTEQLQMGFGITVQYGTDTNSVCP
AID55088.1,MERS,Human,AKPSGSVVEQAEGVECDFSPLLSGTPPQVYNFKRLVFTNCNYNLTKLLSLFSVNDFTCSQISPAAIASNCYSSLILDYFSYPLSMKSDLSVSSAGPISQFNYKQSFSNPTCLILATVPHNLTTITKPLKYSYINKCSRLLSDDRTEVPQLVNANQYSPCVSIVPSTVWEDGDYYRKQLSPLEGGGWLVASGSTVAMTEQLQMGFGITFQYGTDTNSVCP
ALJ54446.1,MERS,Human,AKPSGSVVEQAEGVECDFSPLLSGTPPQVYNFKRLVFTNCNYNLTKLLSLFSVNDFICSQISPAAIASNCYSSLILDYFSYPLSMKSDLSVSSAGPISQFNYKQSFSNPTCLILATVPHNLTTITKPLKYSYINKCSRLLSDDRTEVPQLVNANQYSPCVSIVPSTVWEDGDYYRKQLSPLEGGGWLVASGSTVAMTEQLQMGFGITVQYGTDTNSVCP
ALA50067.1,MERS,Camel,AKPSGSVVEQAEGVECDFSPLLSGTPPQVYNFKRLVFTNCNYNLTKLLSLFSVNDFTCSQISPAAIASNCYSSLILDYFSYPLSMKSDLSVSSSGPISQFNYKQSFSNPTCLILATVPHNLTTITKPLKYSYINKCSRLLSDDRTEVPQLVNANQYSPCVSIVPSTVWEDGDYYRKQLSPLEGGGWLVASGSTVAMTEQLQMGFGITVQYGTDTNSVCP
ALK80291.1,MERS,Human,AKPSGSVVEQAEGVECDFSPLLSGTPPQVYNFKRLVFTNCNYNLTKLLSLFSVNDFTCSQISPAAIASNCYSSLILDYFSYPLSMKSDLSVSSAGPISQFNYKQSFSNPTCLILATVPHNLTTITKPLKYSYINKCSRLLSDGRTEVPQLVNANQYSPCVSIVPSTVWEDGDYYRKQLSPLEGGGWLVASGSTVAMTEQLQMGFGITVQYGTDTNSVCP
AGV08379.1,MERS,Human,AKPSGSVVEQAEGVECDFSPLLSGTPPQVYNFKRLVFTNCNYNLTKLLSLFSVNDFTCSQISPAAIASNCYSSLILDYFSYPLSMKSDLSVSSAGPISQFNYKQSFSNPTCLILATVPHNLTTITKPLKYSYINKCSRLLSGDRTEVPQLVNANQYSPCVSIVPSTVWEDGDYYRKQLSPLEGGGWLVASGSTVAMTEQLQMGFGITVQYGTDTNSVCP
ALJ54518.1,MERS,Human,AKPSGSVVEQAEGVECDFSPLLSGTPPQVYNFKRLVFTNCNYNLTKLLSLFSVNDFTCSQISPAAIASNCYSSLILDYFSYPLSMKSDLSVSSAGPISQFNYKQSFSNPTCLILATVPHNLTTITKPLKYSYINKCSRLPSDDRTEVPQLVNANQYSPCVSIVPSTVWEDGDYYRKQLSPLEGGGWLVASGSTVAMTEQLQMGFGITVQYGTDTNSVCP
AHY22545.1,MERS,Camel,AKPSGSVVEQAEGVECDFSPLLSGTPPQVYNFNRLVFTNCNYNLTKLLSLFSVNDFTCSQISPAAIASNCYSSLILDYFSYPLSMKSDLSVSSAGPISQFNYKQSFSNPTCLILATVPHNLTTITKPLKYSYINKCSRLLSDDRTEVPQLVNANQYSPCVSIVPSTVWEDGDYYRKQLSPLEGGGWLVASGSTVAMTEQLQMGFGITVQYGTDTNSVCP
ASU90329.1,MERS,Camel,AKPSGSVVEQAEGVECDFSPLLSGTPPQVYNFKRLVFTNCNYNLTKLLSLFSVNDFTCSQISPAAIASNCYSSLILDYFSYPLSMKSDLSVXSAGPISQFNYKQSFSNPTCLILATVPHNLTTITKPLKYSYINKCSRLLSDDRTEVPQLVNANQYSPCVSIVPSTVWEDGDYYRKQLSPLEGGGWLVASGSTVAMTEQLQMGFGITVQYGTDTNSVCP
AKN24803.1,MERS,Human,AKPSGSVVEQAEGVECDFSPLLSGTPPQVYNFKRLVFTNCNYNFTKLLSLFSVNDFTCSQISPAAIASNCYSSLILDYFSYPLSMKSDLSVSSAGPISQFNYKQSFSNPTCLILATVPHNLTTITKPLKYSYINKCSRLLSDDRTEVPQLVNANQYSPCVSIVPSTVWEDGDYYRKQLSPLEGGGWLVASGSTVAMTEQLQMGFGITVQYGTDTNSVSP
ASU90527.1,MERS,Camel,AKPSGSVVEQAEGVECDFSPLLSGTPPQVYNFKRLVFTNCNYNLTKLLSLFSVNDFTCSQISPAAIASNCYSSLILDYFSYPLSMKSDLSVTSAGPISQFNYKQSFSNPTCLILATVPHNLTTITKPLKYSYINKCSRLLSDDRTEVPQLVNANQYSPCVSIVPSTVWEDGDYYRKQLSPLEGGGWLVASGSTVAMTEQLQMGFGITVQYGTDTNSVCP
AKL59401.1,MERS,Human,AKPSGSVVEQAEGVECDFSPLLSGTPPQVYNFKRLVFTNCNYNLTKLLSLFSVNDFTCSQISPAAIASNCYSSLILDYFSYPLSMKSDLSVSSAGPISQFNYKQSFSNPTCLILATVPHNLTTITKPLKYSYINKCSRLLSDDRTEVPQLVNANQYSPCVSILPSTVWEDGDYYRKQLSPLEGGGWLVASGSTVAMTEQLQMGFGITVQYGTDTNSVCP
ASY99842.1,MERS,Human,AKPSGSVVEQAEGVECDFSPLLSGTPPQVYNCKRLVFTNCNYNLTKLLSLFSVNDFTCSQISPAAIASNCYSSLILDYFSYPLSMKSDLSVSSAGPISQFNYKQSFSNPTCLILATVPHNLTTITKPLKYSYINKCSRLLSDDRTEVPQLVNANQYSPCVSIVPSTVWEDGDYYRKQLSPLEGGGWLVASGSTVAMTEQLQMGFGITVQYGTDTNSVCP
YP_009072440.1,Hibecovirus,Bat,DVSAECPFQSLINVTTIPSPAFWRRHYVRNCNYDISVFTDNADVYSLQCYGVAPSSLADMCWEEAHIDYMKISEKDIFSFKPSGAGDFAKYNYKLPSDFMGCTVVFTNQELTCNATSGEATAWDKSHYESIERYQMWSSENVYNCELQEVGPQQFNRMPRNCYVRSNNSNDYWQPMSAMAITLKPTRTSATVCGYKQTT